{"train_pearson": 0.8539999309613925, "train_mse": 4.87832275390625, "train_spearman": 0.8595715968389647}