{"train_pearson": 0.7759242275697518, "train_mse": 2.245917724609375, "train_spearman": 0.7906708132180237}