{"train_pearson": 0.8963537298312115, "train_mse": 3.3906044921875, "train_spearman": 0.9003902054821804}